{
	"description": "项目配置文件。",
	"setting": {
		"urlCheck": true,
		"es6": true,
		"postcss": true,
		"minified": true,
		"newFeature": true
	},
	"compileType": "miniprogram",
	"libVersion": "1.6.0",
	"appid": "wx28f10abb80fd312b",
	"projectname": "%E6%9C%80%E6%96%B0%E7%89%88%E6%97%A9%E5%AE%89%E6%99%9A%E5%AE%89",
	"condition": {
		"search": {
			"current": -1,
			"list": []
		},
		"conversation": {
			"current": -1,
			"list": []
		},
		"miniprogram": {
			"current": -1,
			"list": []
		}
	}
}